<?xml version="1.0" encoding="ISO-8859-1"?>
<project name="Joda-Convert">
  <publishDate position="navigation-bottom" format="yyyy-MM-dd"/>
  <bannerLeft>
    <name>Joda.org</name>
    <href>http://www.joda.org/</href>
  </bannerLeft>
  <bannerRight>
    <name>Joda-Convert</name>
    <href>http://www.joda.org/joda-convert/</href>
  </bannerRight>

  <body>
    <menu name="Joda Convert">
      <item name="Overview" href="index.html"/>
      <item name="User guide" href="userguide.html"/>
      <!--item name="FAQ" href="faq.html"/-->
      <item name="Javadoc" href="apidocs/index.html"/>
      <item name="License" href="license.html"/>
      <item name="Release notes" href="changes-report.html"/>
      <item name="Download" href="download.html"/>
    </menu>

    <menu name="Development">
      <item name="GitHub" href="https://github.com/JodaOrg/joda-convert"/>
      <item name="Bugs/Issues" href="https://github.com/JodaOrg/joda-convert/issues"/>
      <item name="Sourceforge" href="http://sourceforge.net/projects/joda-convert/"/>
    </menu>

    <menu name="Joda">
      <item name="Joda home" href="http://www.joda.org"/>
      <item name="Beans" href="http://www.joda.org/joda-beans/"/>
      <item name="Money" href="http://www.joda.org/joda-money/"/>
      <item name="Primitives" href="http://www.joda.org/joda-primitives/"/>
      <item name="Time" href="http://www.joda.org/joda-time/"/>
    </menu>

    <menu ref="reports"/>

    <menu name="Website">
      <item name="Privacy" href="privacy.html"/>
    </menu>
  </body>

  <poweredBy>
    <logo name="Maven" href="http://maven.apache.org/"
          img="http://maven.apache.org/images/logos/maven-feather.png"/>
    <logo name="GitHub" href="https://github.com/JodaOrg/joda-convert"
          img="http://www.joda.org/images/github.png"/>
  </poweredBy>
</project>
