<?xml version="1.0"?>

<document>

 <properties>
  <title>Joda Convert</title>
  <author>Stephen Colebourne</author>
 </properties>

 <body>

<section name="Joda Convert">
<p>
Joda-Convert provides a small set of classes to aid conversion between Objects and Strings.
It is not intended to tackle the wider problem of Object to Object transformation.
</p>
<div style="border:1px solid black; padding: 0px 6px; margin: 4px;"><pre>
// conversion to String
String str = StringConvert.INSTANCE.convertToString(foo);

// conversion from String
Foo bar = StringConvert.INSTANCE.convertFromString(Foo.class, str);
</pre></div>
<p>
Joda-Convert supports two mechanisms of extending the list of supported conversions.
The first is to write your own converter implementing an interface.
The second is to use annotations.
</p>
<p>
The ability of Joda-Convert to use annotations to define the conversion methods is a key difference from other projects.
For example, most value classes, like <code>Currency</code> or <code>TimeZone</code>, already have methods
to convert to and from a standard format String.
Consider a <code>Distance</code> class:
</p>
<div style="border:1px solid black; padding: 0px 6px; margin: 4px;"><pre>
public class Distance {

  @FromString
  public static Distance parse(String str) { ... }

  @ToString
  public String getStandardOutput() { ... }

}
</pre></div>
<p>
As shown, the two methods may have any name. They must simply fulfil the required method signatures for conversion.
The <code>FromString</code> annotation may also be applied to a constructor.
</p>
<p>
When Joda-Convert is asked to convert between an object and a String, if there is no registered converter
then the annotations are checked. If they are found, then the methods are called by reflection.
</p>
<p>
Joda-Convert is licensed under the business-friendly <a href="license.html">Apache 2.0 licence</a>.
</p>
</section>


<section name="Documentation">
<p>
Various documentation is available:
<ul>
<li>The helpful <a href="userguide.html">user guide</a></li>
<li>The <a href="apidocs/index.html">Javadoc</a></li>
<li>The change notes for the <a href="changes-report.html">releases</a></li>
<li>The <a href="https://github.com/JodaOrg/joda-convert">GitHub</a> source repository</li>
</ul>
</p>
</section>


<section name="Releases">
<p>
<a href="download.html">Release 1.5</a> is the current latest release.
This release is considered stable and worthy of the 1.x tag.
It depends on JDK 1.6 or later.
</p>
<p>
Available in the <a href="http://search.maven.org/#artifactdetails|org.joda|joda-convert|1.5|jar">Maven Central repository</a>.
</p>
</section>


<section name="Support">
<p>
Support on bugs, library usage or enhancement requests is available on a best efforts basis.
</p>
<p>
To suggest enhancements or contribute, please <a href="https://github.com/JodaOrg/joda-convert">fork the source code</a> on GitHub.
Alternatively, use GitHub <a href="https://github.com/JodaOrg/joda-convert/issues">issues</a>.
</p>
<p>
<br />
</p>
<p>
<br />
</p>
<p>
<br />
</p>
</section>
</body>
</document>
